,Pos,Dmg,Strand,Run 1,Run 2,Run 3,Run 4,Run 5,Run 6,Run 7,Run 8,Run 9,Run 10,Run 11,Run 12,Run 13,Run 14,Run 15,Run 16,Run 17,Run 18,Run 19,Run 20,Run 21,Run 22,Run 23,Run 24,Run 25,Run 26,Run 27,Run 28,Run 29,Run 30,Run 31,Run 32,Run 33,Run 34,Run 35,Run 36,Run 37,Run 38,Run 39,Run 40,Run 41,Run 42,Run 43,Run 44,Run 45,Run 46,Run 47,Run 48,Run 49,Run 50,Run 51,Run 52,Run 53,Run 54,Run 55,Run 56,Run 57,Run 58,Run 59,Run 60,Run 61,Run 62,Run 63,Run 64,Run 65,Run 66,Run 67,Run 68,Run 69,Run 70,Run 71,Run 72,Run 73,Run 74,Run 75,Run 76,Run 77,Run 78,Run 79,Run 80,Run 81,Run 82,Run 83,Run 84,Run 85,Run 86,Run 87,Run 88,Run 89,Run 90,Run 91,Run 92,Run 93,Run 94,Run 95,Run 96,Run 97,Run 98,Run 99,Run 100,min,max,median,mean,P-Value-Top,P-Value-Bottom,std,z
0,-19.5,385.9305017048221,Same,362.0,352.0,383.0,348.0,347.0,349.0,396.0,337.0,379.0,345.0,390.0,369.0,338.0,388.0,372.0,397.0,345.0,367.0,354.0,357.0,314.0,358.0,353.0,394.0,339.0,401.0,369.0,362.0,361.0,375.0,356.0,361.0,338.0,352.0,384.0,397.0,385.0,363.0,352.0,381.0,388.0,332.0,354.0,358.0,368.0,355.0,366.0,336.0,399.0,369.0,379.0,395.0,395.0,379.0,378.0,375.0,339.0,347.0,362.0,361.0,357.0,353.0,346.0,346.0,365.0,372.0,368.0,352.0,348.0,367.0,346.0,362.0,372.0,374.0,377.0,352.0,362.0,343.0,354.0,373.0,395.0,370.0,384.0,362.0,380.0,389.0,360.0,344.0,375.0,351.0,369.0,376.0,356.0,339.0,360.0,361.0,369.0,331.0,358.0,352.0,314.0,401.0,362.0,363.25742574257424,0.38071428571428567,1.0,18.35979974941299,1.2349304605970914
1,-18.5,371.13080694918,Same,393.0,375.0,403.0,430.0,393.0,376.0,374.0,363.0,356.0,379.0,387.0,401.0,408.0,391.0,377.0,374.0,414.0,383.0,379.0,352.0,378.0,412.0,380.0,404.0,420.0,398.0,403.0,401.0,402.0,378.0,413.0,428.0,388.0,397.0,371.0,380.0,411.0,384.0,419.0,401.0,362.0,403.0,417.0,376.0,416.0,385.0,363.0,454.0,396.0,362.0,418.0,391.0,401.0,395.0,369.0,423.0,416.0,369.0,435.0,404.0,397.0,432.0,374.0,356.0,388.0,340.0,375.0,393.0,395.0,387.0,398.0,401.0,350.0,423.0,378.0,394.0,382.0,366.0,423.0,402.0,382.0,378.0,391.0,418.0,400.0,399.0,399.0,393.0,370.0,393.0,408.0,362.0,414.0,375.0,396.0,427.0,379.0,401.0,385.0,373.0,340.0,454.0,393.0,391.76237623762376,1.0,0.5466666666666667,21.47720344041145,-0.9606264309375969
2,-17.5,367.715492774801,Same,402.0,409.0,427.0,416.0,402.0,407.0,408.0,403.0,417.0,415.0,438.0,469.0,415.0,420.0,391.0,461.0,449.0,402.0,433.0,423.0,392.0,381.0,424.0,425.0,430.0,452.0,433.0,430.0,453.0,376.0,433.0,460.0,447.0,429.0,453.0,425.0,430.0,413.0,410.0,418.0,404.0,433.0,404.0,403.0,438.0,417.0,383.0,411.0,429.0,430.0,397.0,405.0,423.0,426.0,436.0,413.0,416.0,382.0,422.0,413.0,410.0,428.0,434.0,421.0,427.0,406.0,392.0,410.0,415.0,425.0,406.0,441.0,429.0,425.0,430.0,437.0,452.0,416.0,416.0,446.0,434.0,407.0,432.0,412.0,378.0,398.0,414.0,444.0,409.0,413.0,435.0,449.0,397.0,405.0,430.0,424.0,395.0,407.0,429.0,424.0,376.0,469.0,420.5,419.64356435643566,1.0,0.0,19.16658817178604,-2.70930178670847
3,-16.5,450.8214710180223,Same,477.0,420.0,449.0,440.0,413.0,452.0,456.0,434.0,444.0,444.0,417.0,414.0,410.0,396.0,437.0,459.0,431.0,424.0,441.0,434.0,421.0,402.0,413.0,488.0,454.0,422.0,431.0,450.0,483.0,378.0,419.0,393.0,436.0,418.0,435.0,428.0,444.0,446.0,482.0,441.0,404.0,426.0,451.0,432.0,466.0,424.0,435.0,404.0,431.0,448.0,453.0,448.0,414.0,429.0,445.0,417.0,407.0,411.0,463.0,433.0,444.0,410.0,443.0,405.0,428.0,437.0,421.0,439.0,473.0,430.0,449.0,456.0,404.0,416.0,439.0,439.0,417.0,497.0,470.0,452.0,454.0,429.0,442.0,438.0,429.0,437.0,434.0,392.0,433.0,436.0,396.0,436.0,425.0,447.0,422.0,475.0,438.0,448.0,434.0,442.0,378.0,497.0,435.0,434.16831683168317,0.486875,1.0,22.3398898686892,0.7454447753985641
4,-15.5,566.9421529469068,Same,425.0,445.0,446.0,416.0,447.0,408.0,427.0,430.0,422.0,384.0,426.0,410.0,444.0,424.0,426.0,453.0,433.0,444.0,487.0,438.0,408.0,438.0,416.0,446.0,371.0,431.0,422.0,465.0,408.0,412.0,445.0,424.0,416.0,460.0,423.0,421.0,441.0,441.0,421.0,421.0,386.0,447.0,440.0,436.0,437.0,428.0,410.0,426.0,434.0,396.0,427.0,403.0,441.0,425.0,418.0,426.0,414.0,448.0,432.0,427.0,410.0,419.0,421.0,414.0,432.0,396.0,409.0,413.0,416.0,423.0,427.0,439.0,418.0,402.0,408.0,441.0,442.0,434.0,402.0,425.0,400.0,407.0,430.0,456.0,421.0,418.0,426.0,447.0,426.0,418.0,415.0,422.0,437.0,456.0,433.0,404.0,408.0,456.0,447.0,431.0,371.0,487.0,426.0,425.6039603960396,0.0,1.0,18.759066036791083,7.534393890726453
5,-14.5,474.728670238675,Same,426.0,422.0,407.0,427.0,424.0,404.0,397.0,363.0,383.0,405.0,411.0,412.0,415.0,420.0,408.0,377.0,412.0,414.0,423.0,425.0,411.0,385.0,380.0,375.0,398.0,432.0,393.0,397.0,438.0,375.0,380.0,422.0,427.0,393.0,404.0,404.0,432.0,382.0,404.0,432.0,412.0,381.0,381.0,400.0,408.0,411.0,403.0,405.0,400.0,415.0,440.0,392.0,402.0,393.0,403.0,450.0,416.0,419.0,414.0,412.0,417.0,404.0,408.0,433.0,401.0,421.0,415.0,435.0,341.0,424.0,394.0,432.0,433.0,419.0,395.0,432.0,423.0,427.0,402.0,393.0,404.0,408.0,401.0,395.0,435.0,407.0,435.0,435.0,425.0,411.0,414.0,427.0,453.0,393.0,415.0,444.0,407.0,429.0,396.0,413.0,341.0,453.0,411.0,409.23762376237624,0.0,1.0,20.15639274798247,3.2491451864374334
6,-13.5,406.42238675109587,Same,409.0,408.0,376.0,414.0,408.0,380.0,407.0,394.0,407.0,368.0,386.0,384.0,377.0,387.0,399.0,388.0,376.0,376.0,409.0,403.0,389.0,365.0,391.0,382.0,358.0,402.0,397.0,358.0,429.0,365.0,361.0,392.0,376.0,445.0,394.0,352.0,376.0,441.0,361.0,390.0,413.0,391.0,402.0,407.0,393.0,381.0,357.0,412.0,422.0,407.0,388.0,367.0,374.0,369.0,390.0,383.0,365.0,421.0,422.0,372.0,412.0,376.0,393.0,361.0,379.0,387.0,406.0,375.0,347.0,362.0,416.0,419.0,373.0,380.0,376.0,398.0,415.0,394.0,399.0,394.0,362.0,390.0,384.0,356.0,410.0,404.0,367.0,400.0,345.0,392.0,385.0,429.0,383.0,419.0,405.0,414.0,402.0,396.0,376.0,417.0,345.0,445.0,390.0,389.6930693069307,0.6270588235294118,1.0,21.307620806667764,0.7851330561573057
7,-12.5,405.28394869296955,Same,375.0,360.0,384.0,380.0,412.0,356.0,387.0,434.0,394.0,420.0,388.0,365.0,409.0,369.0,410.0,401.0,374.0,350.0,404.0,359.0,431.0,376.0,400.0,398.0,394.0,405.0,400.0,399.0,390.0,396.0,411.0,409.0,385.0,394.0,421.0,391.0,380.0,440.0,377.0,409.0,417.0,386.0,386.0,373.0,381.0,398.0,397.0,398.0,425.0,402.0,362.0,411.0,425.0,396.0,378.0,431.0,381.0,391.0,409.0,402.0,378.0,350.0,393.0,372.0,400.0,389.0,387.0,411.0,378.0,405.0,351.0,428.0,400.0,381.0,383.0,376.0,392.0,416.0,387.0,396.0,387.0,403.0,384.0,355.0,408.0,413.0,419.0,417.0,395.0,371.0,383.0,367.0,414.0,367.0,384.0,406.0,400.0,399.0,405.0,407.0,350.0,440.0,394.5,393.0,0.6325714285714287,1.0,20.014351286657845,0.6137570244679691
8,-11.5,407.5608248092222,Same,407.0,397.0,384.0,404.0,400.0,377.0,419.0,426.0,377.0,358.0,379.0,390.0,398.0,393.0,375.0,419.0,395.0,391.0,367.0,383.0,449.0,377.0,411.0,338.0,387.0,410.0,423.0,412.0,410.0,409.0,382.0,428.0,392.0,409.0,411.0,456.0,410.0,392.0,430.0,386.0,412.0,362.0,405.0,386.0,387.0,401.0,394.0,408.0,396.0,391.0,383.0,366.0,383.0,401.0,382.0,442.0,420.0,384.0,380.0,402.0,415.0,435.0,422.0,431.0,402.0,431.0,418.0,369.0,396.0,402.0,400.0,420.0,410.0,401.0,394.0,373.0,388.0,373.0,394.0,393.0,396.0,392.0,413.0,378.0,377.0,415.0,392.0,374.0,383.0,390.0,414.0,378.0,405.0,420.0,450.0,371.0,404.0,387.0,395.0,402.0,338.0,456.0,396.0,397.8910891089109,0.7516666666666667,1.0,21.378207183442637,0.45231742853293083
9,-10.5,397.3148822860853,Same,424.0,398.0,375.0,392.0,419.0,375.0,414.0,390.0,364.0,383.0,398.0,398.0,388.0,384.0,397.0,394.0,410.0,339.0,411.0,409.0,444.0,410.0,390.0,384.0,370.0,397.0,390.0,408.0,391.0,401.0,407.0,373.0,463.0,420.0,386.0,432.0,394.0,430.0,393.0,422.0,386.0,369.0,389.0,379.0,423.0,381.0,412.0,419.0,418.0,374.0,412.0,415.0,398.0,392.0,407.0,397.0,391.0,423.0,431.0,403.0,387.0,400.0,371.0,429.0,376.0,436.0,405.0,401.0,391.0,380.0,389.0,430.0,408.0,447.0,374.0,419.0,389.0,366.0,450.0,416.0,391.0,350.0,398.0,392.0,418.0,405.0,418.0,430.0,393.0,402.0,429.0,417.0,398.0,412.0,407.0,413.0,414.0,398.0,372.0,389.0,339.0,463.0,398.0,400.34653465346537,1.0,0.9430000000000001,22.10749420157249,-0.1371323380027066
10,-9.5,414.3914531579801,Same,419.0,462.0,433.0,425.0,419.0,417.0,440.0,405.0,416.0,448.0,406.0,389.0,416.0,429.0,395.0,462.0,433.0,395.0,421.0,428.0,443.0,427.0,416.0,407.0,437.0,441.0,403.0,429.0,425.0,415.0,411.0,413.0,400.0,432.0,446.0,445.0,409.0,439.0,447.0,402.0,408.0,432.0,438.0,432.0,455.0,410.0,407.0,412.0,459.0,460.0,425.0,414.0,435.0,437.0,438.0,438.0,404.0,420.0,400.0,421.0,418.0,467.0,403.0,418.0,459.0,427.0,394.0,439.0,455.0,457.0,423.0,404.0,439.0,390.0,435.0,408.0,435.0,417.0,405.0,426.0,433.0,435.0,427.0,428.0,439.0,431.0,421.0,391.0,442.0,409.0,431.0,407.0,430.0,409.0,402.0,416.0,423.0,438.0,452.0,425.0,389.0,467.0,425.0,424.6237623762376,1.0,0.7703030303030303,18.40192170612049,-0.5560456881140948
11,-8.5,369.9923688910537,Same,391.0,358.0,372.0,377.0,357.0,366.0,376.0,389.0,371.0,375.0,350.0,392.0,355.0,373.0,405.0,402.0,361.0,367.0,373.0,352.0,367.0,385.0,372.0,367.0,396.0,346.0,331.0,378.0,380.0,349.0,403.0,403.0,368.0,372.0,388.0,376.0,416.0,355.0,349.0,348.0,329.0,415.0,376.0,379.0,366.0,370.0,343.0,358.0,399.0,390.0,376.0,350.0,354.0,359.0,377.0,398.0,370.0,389.0,369.0,340.0,371.0,356.0,368.0,356.0,383.0,385.0,354.0,361.0,347.0,368.0,371.0,390.0,388.0,366.0,365.0,349.0,350.0,376.0,329.0,326.0,367.0,360.0,405.0,363.0,387.0,348.0,369.0,420.0,346.0,354.0,380.0,366.0,381.0,367.0,390.0,353.0,388.0,385.0,385.0,389.0,326.0,420.0,370.0,370.35643564356434,0.9690909090909091,0.9504545454545454,19.83525422241017,-0.018354529183749194
12,-7.5,273.22513395031655,Same,290.0,293.0,305.0,343.0,289.0,320.0,314.0,290.0,277.0,322.0,316.0,272.0,277.0,318.0,295.0,279.0,315.0,299.0,311.0,325.0,300.0,287.0,301.0,324.0,307.0,282.0,291.0,317.0,298.0,300.0,293.0,291.0,300.0,317.0,312.0,303.0,314.0,285.0,285.0,287.0,318.0,316.0,324.0,325.0,300.0,301.0,275.0,285.0,335.0,295.0,310.0,316.0,319.0,301.0,305.0,292.0,284.0,312.0,304.0,288.0,297.0,296.0,291.0,292.0,310.0,311.0,339.0,317.0,306.0,303.0,332.0,287.0,309.0,323.0,338.0,340.0,285.0,259.0,316.0,282.0,288.0,317.0,282.0,299.0,312.0,292.0,306.0,331.0,307.0,323.0,320.0,335.0,306.0,323.0,293.0,307.0,286.0,312.0,306.0,312.0,259.0,343.0,305.0,303.94059405940595,1.0,0.15375,17.335833536336484,-1.7717902080068426
13,-6.5,352.91579801915884,Same,381.0,385.0,381.0,360.0,327.0,375.0,351.0,334.0,420.0,361.0,373.0,346.0,377.0,388.0,361.0,358.0,405.0,362.0,373.0,349.0,344.0,341.0,361.0,353.0,370.0,384.0,359.0,364.0,377.0,377.0,347.0,375.0,367.0,370.0,383.0,385.0,379.0,371.0,393.0,353.0,340.0,340.0,381.0,383.0,351.0,368.0,381.0,329.0,365.0,350.0,359.0,343.0,363.0,386.0,364.0,358.0,372.0,345.0,396.0,390.0,364.0,383.0,389.0,375.0,353.0,395.0,381.0,364.0,383.0,381.0,359.0,372.0,360.0,354.0,388.0,370.0,337.0,411.0,370.0,379.0,379.0,379.0,369.0,327.0,364.0,382.0,408.0,369.0,381.0,383.0,394.0,356.0,383.0,416.0,393.0,396.0,375.0,369.0,368.0,359.0,327.0,420.0,370.0,369.5940594059406,1.0,0.5676923076923077,19.21693674284872,-0.8678938588961324
14,-5.5,620.4487416788438,Same,550.0,536.0,566.0,547.0,593.0,555.0,576.0,543.0,564.0,570.0,574.0,573.0,565.0,593.0,569.0,558.0,585.0,507.0,563.0,537.0,565.0,578.0,555.0,576.0,563.0,596.0,598.0,572.0,555.0,535.0,535.0,554.0,545.0,593.0,564.0,546.0,564.0,593.0,604.0,567.0,545.0,563.0,578.0,550.0,584.0,549.0,546.0,541.0,580.0,573.0,507.0,569.0,565.0,550.0,566.0,591.0,555.0,549.0,581.0,547.0,564.0,541.0,551.0,574.0,580.0,554.0,546.0,592.0,576.0,569.0,570.0,585.0,530.0,562.0,604.0,569.0,558.0,600.0,570.0,555.0,573.0,586.0,552.0,533.0,563.0,550.0,565.0,554.0,566.0,596.0,568.0,577.0,573.0,586.0,569.0,535.0,532.0,506.0,581.0,608.0,506.0,608.0,565.0,563.3663366336634,0.0,1.0,21.38136635423018,2.6697267189015372
15,-4.5,277.7788861828218,Same,263.0,287.0,268.0,275.0,261.0,247.0,290.0,269.0,279.0,266.0,294.0,276.0,275.0,271.0,273.0,275.0,275.0,271.0,263.0,255.0,255.0,260.0,256.0,273.0,306.0,295.0,259.0,253.0,269.0,243.0,287.0,282.0,269.0,275.0,261.0,280.0,281.0,245.0,281.0,280.0,282.0,251.0,251.0,248.0,278.0,261.0,245.0,276.0,265.0,294.0,288.0,268.0,283.0,269.0,286.0,242.0,290.0,254.0,261.0,274.0,278.0,281.0,271.0,268.0,259.0,276.0,298.0,271.0,286.0,269.0,268.0,267.0,252.0,271.0,272.0,276.0,302.0,283.0,295.0,263.0,299.0,279.0,271.0,276.0,279.0,294.0,252.0,281.0,284.0,264.0,290.0,273.0,275.0,266.0,230.0,264.0,279.0,278.0,281.0,262.0,230.0,306.0,273.0,271.5049504950495,0.7768421052631578,1.0,14.894762028600471,0.42121758476597615
16,-3.5,301.6860854034745,Same,249.0,304.0,268.0,278.0,271.0,256.0,276.0,312.0,258.0,280.0,274.0,258.0,295.0,300.0,256.0,279.0,279.0,267.0,309.0,279.0,311.0,255.0,314.0,281.0,254.0,271.0,284.0,285.0,277.0,284.0,286.0,281.0,273.0,294.0,279.0,307.0,281.0,278.0,267.0,287.0,298.0,275.0,277.0,250.0,287.0,263.0,273.0,276.0,269.0,278.0,296.0,273.0,298.0,267.0,264.0,304.0,292.0,302.0,275.0,303.0,253.0,269.0,275.0,279.0,288.0,291.0,254.0,281.0,280.0,267.0,289.0,252.0,277.0,292.0,316.0,289.0,290.0,290.0,263.0,273.0,270.0,285.0,294.0,269.0,272.0,287.0,282.0,295.0,277.0,278.0,274.0,284.0,253.0,288.0,238.0,272.0,276.0,276.0,244.0,288.0,238.0,316.0,278.0,278.46534653465346,0.328,1.0,16.41875548909255,1.4142813006036286
17,-2.5,622.7256177950965,Same,408.0,382.0,425.0,396.0,411.0,430.0,392.0,428.0,414.0,388.0,422.0,467.0,392.0,430.0,425.0,437.0,425.0,431.0,420.0,384.0,397.0,418.0,393.0,443.0,415.0,399.0,403.0,426.0,414.0,411.0,464.0,437.0,402.0,426.0,429.0,409.0,443.0,434.0,436.0,400.0,453.0,425.0,420.0,410.0,426.0,442.0,420.0,441.0,384.0,397.0,417.0,430.0,433.0,439.0,442.0,425.0,435.0,419.0,434.0,464.0,442.0,453.0,411.0,388.0,433.0,433.0,394.0,456.0,420.0,430.0,423.0,416.0,402.0,408.0,446.0,413.0,468.0,411.0,418.0,419.0,422.0,415.0,439.0,429.0,407.0,432.0,407.0,426.0,427.0,420.0,450.0,445.0,407.0,444.0,393.0,437.0,408.0,383.0,412.0,434.0,382.0,468.0,422.5,421.43564356435644,0.0,1.0,19.784690471702422,10.174026958292137
18,-1.5,173.04258483520047,Same,154.0,141.0,143.0,154.0,136.0,137.0,166.0,163.0,171.0,153.0,162.0,154.0,151.0,134.0,167.0,160.0,165.0,139.0,147.0,153.0,155.0,136.0,159.0,160.0,154.0,162.0,153.0,151.0,150.0,135.0,167.0,139.0,150.0,172.0,171.0,146.0,159.0,139.0,162.0,156.0,169.0,182.0,159.0,144.0,167.0,153.0,156.0,162.0,176.0,152.0,156.0,164.0,147.0,151.0,141.0,157.0,157.0,151.0,170.0,144.0,133.0,162.0,125.0,152.0,174.0,155.0,171.0,170.0,152.0,148.0,164.0,157.0,164.0,138.0,145.0,157.0,139.0,157.0,132.0,151.0,158.0,138.0,152.0,174.0,153.0,146.0,148.0,146.0,174.0,157.0,146.0,147.0,161.0,139.0,157.0,167.0,158.0,162.0,145.0,154.0,125.0,182.0,154.0,153.83168316831683,0.1782608695652174,1.0,11.663660504955773,1.6470731171465467
19,-0.5,46.675960383179074,Same,54.0,38.0,37.0,43.0,34.0,46.0,34.0,45.0,39.0,35.0,35.0,38.0,41.0,48.0,51.0,40.0,52.0,32.0,49.0,35.0,42.0,51.0,34.0,39.0,44.0,52.0,48.0,51.0,42.0,37.0,45.0,49.0,55.0,47.0,55.0,41.0,47.0,42.0,48.0,44.0,37.0,46.0,51.0,50.0,43.0,40.0,42.0,38.0,37.0,41.0,48.0,42.0,36.0,38.0,33.0,40.0,44.0,31.0,36.0,38.0,52.0,42.0,43.0,43.0,44.0,36.0,38.0,42.0,24.0,29.0,35.0,33.0,33.0,43.0,42.0,46.0,41.0,41.0,37.0,46.0,49.0,43.0,45.0,49.0,40.0,49.0,38.0,45.0,34.0,46.0,45.0,50.0,47.0,42.0,37.0,38.0,34.0,40.0,33.0,40.0,24.0,55.0,42.0,41.663366336633665,0.5963636363636363,1.0,6.405871730543293,0.7824999089293009
20,0.5,29.599389511284294,Same,23.0,15.0,25.0,17.0,14.0,24.0,16.0,23.0,15.0,17.0,16.0,21.0,26.0,20.0,10.0,15.0,16.0,15.0,19.0,19.0,21.0,22.0,12.0,21.0,27.0,23.0,15.0,18.0,24.0,15.0,19.0,20.0,19.0,21.0,13.0,18.0,25.0,19.0,22.0,20.0,22.0,13.0,24.0,28.0,18.0,17.0,17.0,16.0,21.0,18.0,25.0,19.0,21.0,12.0,17.0,15.0,17.0,27.0,9.0,23.0,14.0,17.0,20.0,23.0,20.0,30.0,17.0,13.0,14.0,20.0,16.0,18.0,21.0,19.0,20.0,17.0,12.0,27.0,17.0,13.0,32.0,22.0,19.0,18.0,22.0,18.0,25.0,16.0,22.0,25.0,20.0,25.0,25.0,23.0,23.0,21.0,17.0,19.0,14.0,20.0,9.0,32.0,19.0,19.22772277227723,0.082,1.0,4.482929532177761,2.3135912938731886
21,1.5,28.460951453157975,Same,19.0,27.0,38.0,24.0,31.0,34.0,29.0,27.0,27.0,23.0,24.0,32.0,24.0,28.0,32.0,18.0,25.0,22.0,21.0,36.0,26.0,21.0,25.0,25.0,29.0,24.0,29.0,17.0,21.0,18.0,26.0,18.0,20.0,22.0,31.0,19.0,29.0,25.0,28.0,27.0,28.0,22.0,21.0,28.0,30.0,27.0,22.0,24.0,34.0,27.0,39.0,24.0,28.0,20.0,19.0,29.0,28.0,14.0,31.0,23.0,23.0,16.0,21.0,16.0,22.0,24.0,22.0,22.0,28.0,21.0,28.0,24.0,20.0,29.0,22.0,28.0,26.0,25.0,23.0,25.0,22.0,22.0,26.0,28.0,26.0,28.0,23.0,22.0,28.0,21.0,35.0,25.0,21.0,20.0,27.0,17.0,24.0,23.0,22.0,26.0,14.0,39.0,24.5,24.792079207920793,0.486875,1.0,4.842707760042067,0.7576076084441865
22,2.5,20.49188504627374,Same,33.0,36.0,33.0,27.0,27.0,30.0,28.0,30.0,31.0,24.0,35.0,46.0,29.0,25.0,32.0,24.0,25.0,33.0,43.0,27.0,44.0,41.0,20.0,24.0,45.0,24.0,34.0,24.0,33.0,33.0,28.0,30.0,25.0,35.0,31.0,51.0,26.0,26.0,36.0,33.0,32.0,30.0,39.0,28.0,37.0,35.0,34.0,25.0,30.0,27.0,32.0,34.0,34.0,28.0,35.0,45.0,34.0,36.0,20.0,30.0,37.0,22.0,35.0,37.0,37.0,38.0,31.0,32.0,39.0,34.0,23.0,31.0,32.0,40.0,25.0,28.0,26.0,40.0,35.0,35.0,29.0,31.0,31.0,32.0,37.0,21.0,30.0,30.0,27.0,38.0,36.0,28.0,28.0,43.0,33.0,31.0,32.0,34.0,35.0,23.0,20.0,51.0,32.0,31.801980198019802,1.0,0.15375,6.080352715765979,-1.86010510879732
23,3.5,21.63032310440006,Same,40.0,35.0,43.0,49.0,31.0,35.0,34.0,31.0,18.0,33.0,39.0,30.0,33.0,28.0,37.0,50.0,33.0,36.0,38.0,30.0,41.0,40.0,33.0,37.0,38.0,26.0,36.0,27.0,42.0,33.0,38.0,38.0,29.0,37.0,33.0,29.0,35.0,26.0,29.0,37.0,36.0,42.0,27.0,43.0,38.0,33.0,35.0,29.0,29.0,46.0,35.0,23.0,36.0,37.0,41.0,34.0,32.0,31.0,23.0,31.0,27.0,36.0,34.0,35.0,33.0,38.0,30.0,23.0,37.0,35.0,33.0,31.0,46.0,45.0,33.0,34.0,37.0,35.0,38.0,28.0,46.0,28.0,32.0,33.0,36.0,39.0,42.0,26.0,37.0,38.0,30.0,37.0,36.0,38.0,30.0,32.0,31.0,27.0,25.0,26.0,18.0,50.0,34.5,34.08910891089109,1.0,0.12615384615384614,6.024864338312447,-2.0678948279709846
24,4.5,93.35192076635815,Same,98.0,139.0,122.0,84.0,103.0,110.0,123.0,90.0,138.0,102.0,108.0,119.0,123.0,123.0,119.0,105.0,116.0,125.0,101.0,119.0,117.0,109.0,109.0,112.0,132.0,114.0,94.0,95.0,135.0,123.0,110.0,99.0,113.0,112.0,114.0,124.0,120.0,110.0,113.0,124.0,112.0,123.0,111.0,105.0,114.0,103.0,124.0,128.0,99.0,100.0,94.0,92.0,115.0,109.0,93.0,114.0,120.0,104.0,91.0,121.0,83.0,114.0,112.0,122.0,94.0,125.0,122.0,119.0,113.0,124.0,104.0,113.0,102.0,111.0,105.0,112.0,116.0,101.0,99.0,116.0,114.0,140.0,102.0,103.0,108.0,110.0,114.0,113.0,109.0,107.0,111.0,119.0,105.0,95.0,107.0,96.0,116.0,106.0,131.0,130.0,83.0,140.0,112.0,111.32673267326733,1.0,0.30210526315789477,11.983576972146016,-1.4999538073806273
25,5.5,77.41378795258969,Same,106.0,112.0,102.0,96.0,114.0,93.0,101.0,99.0,108.0,102.0,94.0,120.0,101.0,86.0,99.0,88.0,94.0,105.0,101.0,93.0,98.0,96.0,103.0,108.0,95.0,92.0,85.0,108.0,97.0,100.0,108.0,115.0,87.0,106.0,98.0,113.0,115.0,91.0,82.0,109.0,96.0,97.0,109.0,99.0,109.0,104.0,102.0,96.0,107.0,100.0,105.0,101.0,95.0,98.0,92.0,84.0,97.0,100.0,108.0,99.0,98.0,112.0,108.0,97.0,110.0,115.0,94.0,95.0,111.0,99.0,100.0,91.0,98.0,95.0,100.0,94.0,111.0,104.0,100.0,85.0,96.0,102.0,102.0,98.0,98.0,111.0,98.0,100.0,104.0,101.0,95.0,115.0,97.0,86.0,88.0,94.0,89.0,103.0,93.0,92.0,82.0,120.0,99.0,99.79207920792079,1.0,0.0,8.07920792079208,-2.769862030035154
26,6.5,96.76723494073711,Same,128.0,120.0,121.0,115.0,97.0,121.0,104.0,113.0,111.0,121.0,125.0,102.0,118.0,120.0,125.0,105.0,121.0,121.0,105.0,120.0,106.0,124.0,119.0,128.0,104.0,115.0,115.0,118.0,101.0,128.0,115.0,110.0,112.0,110.0,119.0,127.0,119.0,127.0,137.0,115.0,128.0,114.0,122.0,98.0,119.0,115.0,111.0,114.0,112.0,136.0,113.0,120.0,135.0,131.0,126.0,137.0,138.0,139.0,136.0,115.0,125.0,142.0,115.0,134.0,111.0,113.0,122.0,119.0,105.0,119.0,133.0,120.0,131.0,116.0,121.0,116.0,112.0,110.0,123.0,114.0,118.0,116.0,106.0,117.0,122.0,117.0,144.0,118.0,134.0,114.0,111.0,110.0,115.0,121.0,115.0,103.0,107.0,136.0,110.0,128.0,97.0,144.0,118.0,118.62376237623762,1.0,0.0,10.152160658822575,-2.1528941638993415
27,7.5,299.40920928722187,Same,311.0,298.0,298.0,310.0,294.0,316.0,285.0,321.0,327.0,316.0,302.0,309.0,312.0,314.0,267.0,300.0,310.0,300.0,285.0,290.0,298.0,298.0,299.0,298.0,306.0,331.0,284.0,291.0,284.0,303.0,294.0,308.0,308.0,335.0,289.0,293.0,289.0,290.0,324.0,291.0,318.0,300.0,282.0,291.0,281.0,339.0,265.0,315.0,301.0,328.0,291.0,328.0,273.0,317.0,310.0,323.0,293.0,298.0,290.0,319.0,311.0,276.0,321.0,334.0,305.0,328.0,306.0,292.0,290.0,285.0,307.0,280.0,271.0,248.0,294.0,345.0,294.0,280.0,294.0,302.0,293.0,288.0,323.0,280.0,311.0,305.0,320.0,302.0,305.0,301.0,297.0,309.0,296.0,281.0,287.0,319.0,309.0,297.0,338.0,313.0,248.0,345.0,300.0,301.23762376237624,0.9690909090909091,0.9504545454545454,18.08623376436447,-0.10109426312159188
28,8.5,226.54917356713747,Same,306.0,315.0,336.0,344.0,323.0,312.0,328.0,307.0,311.0,336.0,331.0,322.0,313.0,328.0,319.0,309.0,328.0,316.0,313.0,304.0,266.0,335.0,316.0,308.0,302.0,335.0,314.0,309.0,309.0,312.0,295.0,263.0,288.0,292.0,343.0,297.0,300.0,322.0,313.0,298.0,381.0,315.0,303.0,314.0,315.0,313.0,298.0,321.0,331.0,316.0,285.0,326.0,331.0,315.0,313.0,345.0,291.0,326.0,306.0,347.0,297.0,291.0,313.0,334.0,314.0,349.0,324.0,307.0,326.0,298.0,312.0,320.0,299.0,336.0,329.0,336.0,312.0,298.0,297.0,294.0,322.0,307.0,297.0,286.0,310.0,296.0,315.0,310.0,332.0,320.0,297.0,322.0,337.0,303.0,323.0,334.0,318.0,338.0,314.0,309.0,263.0,381.0,314.0,314.34653465346537,1.0,0.0,18.24825267293106,-4.811274956300487
29,9.5,255.01012502029545,Same,290.0,278.0,290.0,279.0,274.0,269.0,308.0,315.0,307.0,348.0,292.0,269.0,293.0,293.0,297.0,276.0,317.0,305.0,313.0,292.0,274.0,301.0,279.0,320.0,264.0,244.0,303.0,303.0,301.0,286.0,302.0,267.0,277.0,308.0,325.0,289.0,266.0,283.0,309.0,338.0,266.0,254.0,302.0,281.0,278.0,281.0,300.0,273.0,307.0,276.0,293.0,295.0,306.0,298.0,283.0,305.0,288.0,308.0,324.0,267.0,308.0,310.0,293.0,288.0,326.0,296.0,274.0,259.0,317.0,288.0,328.0,285.0,289.0,304.0,300.0,268.0,264.0,323.0,298.0,299.0,285.0,298.0,297.0,279.0,313.0,279.0,271.0,295.0,289.0,270.0,299.0,309.0,313.0,288.0,287.0,295.0,284.0,321.0,292.0,304.0,244.0,348.0,293.0,292.65346534653463,1.0,0.15375,19.25052944806914,-1.955444416520161
30,10.5,326.7317226822535,Same,373.0,404.0,334.0,382.0,396.0,362.0,382.0,367.0,353.0,371.0,410.0,374.0,376.0,390.0,376.0,366.0,378.0,405.0,359.0,371.0,362.0,380.0,397.0,370.0,386.0,379.0,359.0,401.0,412.0,387.0,363.0,357.0,345.0,387.0,389.0,364.0,416.0,410.0,388.0,393.0,350.0,390.0,396.0,399.0,361.0,361.0,389.0,372.0,333.0,402.0,355.0,362.0,395.0,412.0,386.0,373.0,377.0,351.0,361.0,387.0,374.0,386.0,379.0,394.0,344.0,369.0,380.0,389.0,345.0,404.0,416.0,361.0,373.0,413.0,343.0,399.0,383.0,354.0,378.0,371.0,371.0,407.0,382.0,428.0,401.0,366.0,400.0,385.0,380.0,375.0,406.0,383.0,408.0,402.0,375.0,327.0,375.0,386.0,380.0,393.0,327.0,428.0,380.0,379.18811881188117,1.0,0.0,20.832530193975796,-2.5180040848940477
31,11.5,359.7464263679168,Same,365.0,371.0,350.0,337.0,342.0,360.0,368.0,366.0,380.0,374.0,359.0,339.0,362.0,379.0,351.0,403.0,334.0,345.0,384.0,375.0,365.0,391.0,378.0,367.0,350.0,362.0,356.0,372.0,386.0,339.0,380.0,378.0,353.0,336.0,363.0,333.0,340.0,392.0,343.0,362.0,384.0,397.0,367.0,374.0,354.0,372.0,364.0,408.0,395.0,378.0,344.0,364.0,335.0,345.0,351.0,389.0,351.0,352.0,401.0,366.0,347.0,372.0,372.0,391.0,386.0,362.0,356.0,346.0,368.0,365.0,358.0,349.0,393.0,361.0,371.0,384.0,369.0,366.0,367.0,351.0,351.0,362.0,352.0,361.0,356.0,391.0,363.0,395.0,361.0,373.0,404.0,357.0,385.0,374.0,376.0,360.0,351.0,357.0,369.0,361.0,333.0,408.0,364.5,365.41584158415844,1.0,0.7978378378378378,17.51167493260429,-0.32375059711519866
32,12.5,295.99389511284295,Same,354.0,343.0,344.0,373.0,326.0,358.0,362.0,318.0,342.0,332.0,353.0,358.0,341.0,369.0,354.0,380.0,331.0,348.0,312.0,350.0,351.0,356.0,343.0,373.0,340.0,347.0,361.0,349.0,379.0,342.0,339.0,347.0,363.0,356.0,309.0,341.0,361.0,327.0,361.0,364.0,396.0,360.0,304.0,337.0,359.0,354.0,358.0,370.0,363.0,367.0,365.0,315.0,369.0,356.0,339.0,361.0,361.0,328.0,340.0,376.0,382.0,333.0,367.0,349.0,334.0,319.0,331.0,344.0,313.0,354.0,384.0,328.0,333.0,339.0,380.0,351.0,365.0,376.0,351.0,324.0,348.0,357.0,309.0,352.0,331.0,367.0,320.0,327.0,373.0,345.0,376.0,373.0,335.0,357.0,327.0,326.0,366.0,359.0,358.0,352.0,304.0,396.0,351.5,349.0495049504951,1.0,0.0,19.495303439304802,-2.7214559650281913
33,13.5,331.2854749147588,Same,365.0,382.0,353.0,362.0,360.0,343.0,362.0,344.0,376.0,348.0,368.0,341.0,354.0,363.0,373.0,405.0,370.0,364.0,390.0,361.0,352.0,383.0,365.0,345.0,332.0,332.0,348.0,335.0,353.0,347.0,373.0,369.0,377.0,344.0,324.0,335.0,361.0,355.0,362.0,323.0,344.0,378.0,383.0,333.0,352.0,373.0,337.0,357.0,327.0,373.0,376.0,345.0,356.0,394.0,364.0,377.0,360.0,348.0,344.0,371.0,333.0,334.0,368.0,358.0,354.0,355.0,360.0,334.0,365.0,334.0,359.0,348.0,357.0,346.0,340.0,334.0,388.0,377.0,320.0,346.0,384.0,342.0,355.0,359.0,357.0,360.0,338.0,325.0,363.0,352.0,349.0,368.0,372.0,341.0,366.0,357.0,356.0,366.0,359.0,363.0,320.0,405.0,357.0,355.970297029703,1.0,0.2733333333333333,17.15708175556726,-1.4387541229437508
34,14.5,344.9467316122746,Same,332.0,379.0,383.0,423.0,364.0,403.0,366.0,369.0,400.0,355.0,335.0,369.0,381.0,358.0,346.0,381.0,361.0,335.0,402.0,403.0,383.0,370.0,392.0,366.0,386.0,401.0,367.0,351.0,342.0,382.0,362.0,376.0,399.0,357.0,347.0,397.0,341.0,350.0,391.0,407.0,375.0,386.0,374.0,394.0,349.0,390.0,359.0,391.0,363.0,403.0,391.0,355.0,393.0,410.0,373.0,347.0,300.0,378.0,361.0,374.0,390.0,384.0,353.0,417.0,364.0,394.0,370.0,337.0,372.0,355.0,377.0,354.0,369.0,388.0,373.0,357.0,367.0,374.0,368.0,400.0,390.0,395.0,369.0,385.0,384.0,381.0,367.0,379.0,363.0,377.0,407.0,398.0,374.0,395.0,368.0,395.0,362.0,349.0,366.0,388.0,300.0,423.0,374.0,373.5940594059406,1.0,0.328,22.063893814417632,-1.2983804233887317
35,15.5,395.03800616983267,Same,381.0,425.0,410.0,390.0,391.0,396.0,406.0,404.0,415.0,414.0,424.0,438.0,404.0,403.0,403.0,426.0,406.0,385.0,384.0,387.0,405.0,378.0,384.0,403.0,368.0,388.0,344.0,373.0,403.0,415.0,428.0,386.0,385.0,404.0,392.0,408.0,420.0,367.0,401.0,394.0,435.0,391.0,387.0,373.0,423.0,447.0,356.0,406.0,422.0,391.0,344.0,402.0,391.0,394.0,370.0,366.0,401.0,399.0,400.0,396.0,382.0,409.0,412.0,380.0,399.0,373.0,366.0,367.0,419.0,398.0,385.0,355.0,414.0,414.0,392.0,354.0,400.0,413.0,377.0,398.0,403.0,384.0,392.0,409.0,388.0,366.0,380.0,359.0,393.0,403.0,417.0,348.0,388.0,363.0,413.0,363.0,377.0,402.0,373.0,412.0,344.0,447.0,395.0,393.2277227722772,0.9690909090909091,0.9504545454545454,21.460016326993507,0.0843561053210397
36,16.5,326.7317226822535,Same,384.0,326.0,330.0,374.0,326.0,309.0,372.0,354.0,320.0,366.0,362.0,356.0,357.0,336.0,373.0,382.0,309.0,368.0,357.0,364.0,354.0,329.0,376.0,327.0,364.0,347.0,326.0,348.0,397.0,366.0,339.0,376.0,379.0,385.0,379.0,345.0,364.0,356.0,370.0,368.0,363.0,372.0,350.0,336.0,369.0,383.0,337.0,342.0,340.0,358.0,370.0,342.0,345.0,338.0,366.0,354.0,353.0,324.0,362.0,340.0,357.0,346.0,340.0,368.0,380.0,369.0,354.0,325.0,317.0,341.0,335.0,341.0,334.0,357.0,359.0,289.0,339.0,374.0,361.0,364.0,349.0,348.0,339.0,363.0,367.0,344.0,366.0,326.0,352.0,333.0,326.0,361.0,333.0,336.0,363.0,343.0,369.0,332.0,357.0,367.0,289.0,397.0,354.0,351.25742574257424,1.0,0.48454545454545456,20.317603675526623,-1.207115930145631
37,17.5,319.9010943334956,Same,353.0,345.0,331.0,349.0,377.0,354.0,336.0,345.0,371.0,365.0,372.0,352.0,355.0,355.0,331.0,338.0,299.0,390.0,340.0,342.0,382.0,335.0,371.0,334.0,367.0,354.0,328.0,322.0,380.0,364.0,339.0,352.0,362.0,392.0,342.0,349.0,391.0,378.0,364.0,382.0,332.0,364.0,309.0,351.0,351.0,330.0,344.0,358.0,364.0,365.0,378.0,361.0,386.0,350.0,360.0,325.0,393.0,341.0,355.0,372.0,362.0,347.0,373.0,313.0,362.0,325.0,333.0,337.0,354.0,352.0,340.0,354.0,331.0,360.0,359.0,361.0,354.0,334.0,346.0,343.0,358.0,341.0,356.0,360.0,363.0,369.0,347.0,359.0,361.0,366.0,362.0,332.0,342.0,371.0,388.0,375.0,362.0,314.0,360.0,339.0,299.0,393.0,354.0,352.8811881188119,1.0,0.24117647058823533,19.5191133181553,-1.689630735067812
38,18.5,315.3473421009903,Same,333.0,343.0,373.0,340.0,328.0,341.0,347.0,335.0,386.0,340.0,364.0,374.0,386.0,363.0,363.0,365.0,383.0,335.0,371.0,368.0,353.0,380.0,354.0,398.0,400.0,336.0,318.0,360.0,356.0,349.0,342.0,359.0,398.0,341.0,396.0,348.0,359.0,376.0,371.0,351.0,364.0,371.0,346.0,353.0,380.0,398.0,366.0,379.0,345.0,342.0,395.0,353.0,332.0,357.0,344.0,400.0,343.0,374.0,340.0,364.0,361.0,348.0,337.0,321.0,360.0,359.0,378.0,359.0,374.0,341.0,379.0,384.0,330.0,389.0,358.0,374.0,369.0,381.0,338.0,354.0,345.0,347.0,372.0,358.0,353.0,379.0,399.0,318.0,353.0,362.0,366.0,346.0,380.0,347.0,360.0,389.0,336.0,336.0,354.0,339.0,318.0,400.0,359.0,359.2079207920792,1.0,0.0,20.2466556738125,-2.16631227376741
39,19.5,323.3164085078746,Same,358.0,388.0,350.0,390.0,381.0,367.0,371.0,365.0,377.0,353.0,380.0,369.0,353.0,356.0,357.0,353.0,388.0,339.0,343.0,360.0,375.0,355.0,309.0,375.0,379.0,336.0,357.0,337.0,365.0,371.0,368.0,390.0,381.0,371.0,342.0,345.0,380.0,351.0,373.0,367.0,344.0,326.0,404.0,355.0,352.0,357.0,351.0,352.0,359.0,385.0,331.0,332.0,326.0,360.0,331.0,349.0,338.0,377.0,379.0,352.0,359.0,373.0,365.0,343.0,352.0,334.0,350.0,394.0,378.0,367.0,376.0,386.0,354.0,396.0,376.0,359.0,370.0,388.0,358.0,355.0,366.0,400.0,337.0,367.0,385.0,381.0,380.0,363.0,355.0,336.0,336.0,399.0,375.0,375.0,370.0,367.0,357.0,345.0,359.0,382.0,309.0,404.0,361.5,362.0,1.0,0.12615384615384614,19.31961502599043,-2.002296186444842
40,20.5,0.0,Same,0.0,0.0,0.0,0.0,0.0,0.0,0.0,0.0,0.0,0.0,0.0,0.0,0.0,0.0,0.0,0.0,0.0,0.0,0.0,0.0,0.0,0.0,0.0,0.0,0.0,0.0,0.0,0.0,0.0,0.0,0.0,0.0,0.0,0.0,0.0,0.0,0.0,0.0,0.0,0.0,0.0,0.0,0.0,0.0,0.0,0.0,0.0,0.0,0.0,0.0,0.0,0.0,0.0,0.0,0.0,0.0,0.0,0.0,0.0,0.0,0.0,0.0,0.0,0.0,0.0,0.0,0.0,0.0,0.0,0.0,0.0,0.0,0.0,0.0,0.0,0.0,0.0,0.0,0.0,0.0,0.0,0.0,0.0,0.0,0.0,0.0,0.0,0.0,0.0,0.0,0.0,0.0,0.0,0.0,0.0,0.0,0.0,0.0,0.0,0.0,0.0,0.0,0.0,0.0,0.0,0.0,0.0,0.0
41,-19.5,388.2073778210748,Diff,418.0,435.0,458.0,463.0,431.0,459.0,443.0,399.0,465.0,466.0,421.0,443.0,442.0,463.0,424.0,441.0,419.0,429.0,435.0,460.0,438.0,426.0,458.0,465.0,391.0,466.0,461.0,446.0,413.0,427.0,447.0,419.0,449.0,485.0,443.0,460.0,408.0,447.0,453.0,473.0,408.0,454.0,447.0,441.0,417.0,452.0,458.0,464.0,443.0,484.0,438.0,405.0,460.0,512.0,446.0,433.0,445.0,465.0,446.0,445.0,442.0,423.0,465.0,450.0,430.0,447.0,461.0,420.0,461.0,433.0,479.0,445.0,420.0,426.0,428.0,421.0,414.0,485.0,427.0,450.0,465.0,443.0,446.0,450.0,458.0,423.0,445.0,443.0,473.0,425.0,457.0,454.0,425.0,391.0,456.0,460.0,444.0,467.0,441.0,463.0,391.0,512.0,445.0,443.55445544554453,1.0,0.0,21.638101364122836,-2.557852775090536
42,-18.5,401.86863451859057,Diff,418.0,437.0,448.0,387.0,448.0,416.0,427.0,433.0,476.0,433.0,429.0,430.0,407.0,430.0,422.0,413.0,410.0,376.0,417.0,391.0,400.0,459.0,403.0,427.0,424.0,423.0,434.0,439.0,374.0,423.0,424.0,431.0,415.0,428.0,392.0,456.0,445.0,419.0,415.0,452.0,419.0,440.0,412.0,408.0,434.0,422.0,446.0,415.0,407.0,418.0,443.0,445.0,413.0,420.0,441.0,431.0,460.0,409.0,372.0,384.0,405.0,419.0,431.0,411.0,421.0,433.0,409.0,396.0,418.0,406.0,423.0,397.0,460.0,413.0,449.0,393.0,430.0,439.0,414.0,423.0,430.0,420.0,429.0,419.0,423.0,400.0,434.0,454.0,419.0,408.0,394.0,408.0,419.0,384.0,446.0,408.0,425.0,441.0,442.0,460.0,372.0,476.0,422.0,421.73267326732673,1.0,0.5347826086956521,20.616196213632335,-0.9635161861060321
43,-17.5,414.3914531579801,Diff,438.0,466.0,436.0,438.0,394.0,428.0,466.0,413.0,462.0,431.0,446.0,419.0,405.0,406.0,438.0,423.0,449.0,424.0,421.0,434.0,406.0,439.0,439.0,405.0,388.0,409.0,414.0,403.0,409.0,424.0,421.0,412.0,428.0,463.0,440.0,416.0,455.0,420.0,427.0,407.0,452.0,411.0,441.0,434.0,391.0,424.0,403.0,437.0,437.0,439.0,404.0,427.0,439.0,477.0,438.0,436.0,432.0,436.0,392.0,441.0,434.0,418.0,447.0,404.0,451.0,412.0,402.0,432.0,408.0,436.0,399.0,397.0,411.0,430.0,469.0,395.0,416.0,426.0,438.0,456.0,441.0,439.0,388.0,435.0,414.0,445.0,407.0,450.0,411.0,401.0,455.0,403.0,475.0,422.0,415.0,430.0,415.0,415.0,469.0,437.0,388.0,477.0,427.5,426.6237623762376,1.0,0.7731428571428572,20.867261527721052,-0.5861961906894846
44,-16.5,401.86863451859057,Diff,366.0,392.0,433.0,419.0,416.0,437.0,386.0,423.0,444.0,395.0,374.0,441.0,377.0,411.0,424.0,393.0,407.0,443.0,412.0,394.0,414.0,412.0,387.0,411.0,364.0,394.0,405.0,400.0,413.0,385.0,427.0,453.0,444.0,424.0,408.0,412.0,418.0,420.0,364.0,425.0,393.0,428.0,427.0,411.0,397.0,423.0,414.0,408.0,412.0,460.0,370.0,369.0,391.0,428.0,393.0,412.0,426.0,417.0,399.0,403.0,405.0,408.0,392.0,439.0,417.0,401.0,385.0,409.0,396.0,386.0,412.0,442.0,428.0,420.0,383.0,373.0,434.0,408.0,386.0,374.0,430.0,393.0,451.0,450.0,416.0,419.0,409.0,459.0,461.0,368.0,424.0,400.0,384.0,417.0,418.0,425.0,397.0,423.0,455.0,444.0,364.0,461.0,412.0,410.4257425742574,1.0,0.7978378378378378,23.470793535819336,-0.36458537468036833
45,-15.5,396.176444227959,Diff,404.0,410.0,424.0,419.0,406.0,433.0,385.0,437.0,420.0,398.0,415.0,382.0,408.0,412.0,382.0,410.0,417.0,393.0,415.0,440.0,424.0,418.0,415.0,404.0,426.0,410.0,416.0,404.0,407.0,389.0,436.0,404.0,374.0,415.0,391.0,403.0,388.0,403.0,403.0,436.0,416.0,405.0,373.0,439.0,429.0,411.0,402.0,397.0,412.0,416.0,423.0,406.0,392.0,423.0,445.0,411.0,390.0,430.0,443.0,433.0,387.0,424.0,492.0,442.0,411.0,407.0,376.0,429.0,412.0,449.0,432.0,387.0,436.0,372.0,413.0,390.0,406.0,404.0,406.0,423.0,394.0,401.0,393.0,418.0,420.0,431.0,423.0,398.0,455.0,425.0,431.0,400.0,439.0,429.0,428.0,404.0,436.0,413.0,389.0,404.0,372.0,492.0,412.0,412.6039603960396,1.0,0.5857142857142857,20.017358411653863,-0.8206635375872599
46,-14.5,418.94520539048534,Diff,438.0,421.0,433.0,438.0,397.0,447.0,443.0,379.0,437.0,391.0,429.0,445.0,425.0,424.0,432.0,428.0,419.0,416.0,423.0,414.0,408.0,452.0,429.0,385.0,400.0,429.0,449.0,425.0,414.0,448.0,411.0,427.0,441.0,436.0,405.0,408.0,419.0,394.0,399.0,413.0,427.0,416.0,393.0,423.0,439.0,417.0,451.0,449.0,447.0,463.0,448.0,397.0,412.0,398.0,430.0,397.0,406.0,419.0,412.0,433.0,404.0,466.0,423.0,447.0,443.0,420.0,412.0,404.0,414.0,433.0,398.0,439.0,415.0,408.0,444.0,377.0,456.0,432.0,442.0,410.0,423.0,393.0,400.0,405.0,424.0,417.0,448.0,419.0,460.0,427.0,428.0,430.0,399.0,399.0,425.0,404.0,457.0,416.0,444.0,408.0,377.0,466.0,423.0,422.15841584158414,1.0,0.9041025641025642,19.942855329128797,-0.16112088253703694
47,-13.5,433.7449001461275,Diff,431.0,469.0,424.0,429.0,456.0,402.0,422.0,419.0,439.0,470.0,454.0,419.0,433.0,422.0,417.0,438.0,442.0,432.0,458.0,415.0,446.0,435.0,482.0,423.0,438.0,407.0,416.0,446.0,460.0,432.0,445.0,462.0,442.0,438.0,430.0,467.0,436.0,454.0,445.0,455.0,451.0,461.0,457.0,450.0,403.0,387.0,430.0,426.0,434.0,448.0,423.0,439.0,432.0,420.0,388.0,457.0,432.0,443.0,447.0,397.0,460.0,461.0,453.0,425.0,447.0,452.0,447.0,460.0,441.0,432.0,442.0,442.0,437.0,479.0,456.0,468.0,422.0,455.0,383.0,440.0,458.0,433.0,365.0,435.0,438.0,456.0,403.0,399.0,429.0,405.0,455.0,412.0,474.0,430.0,433.0,450.0,428.0,451.0,471.0,443.0,365.0,482.0,438.5,436.73267326732673,1.0,0.9041025641025642,22.636118990512742,-0.13199140375253623
48,-12.5,432.6064620880012,Diff,434.0,463.0,472.0,441.0,480.0,448.0,440.0,421.0,433.0,459.0,460.0,445.0,485.0,439.0,455.0,428.0,473.0,452.0,449.0,418.0,433.0,477.0,414.0,458.0,438.0,465.0,413.0,458.0,451.0,428.0,449.0,452.0,445.0,471.0,417.0,497.0,461.0,458.0,469.0,458.0,454.0,441.0,428.0,419.0,438.0,430.0,440.0,449.0,439.0,474.0,489.0,447.0,449.0,464.0,475.0,471.0,486.0,432.0,449.0,453.0,475.0,426.0,454.0,470.0,419.0,496.0,465.0,466.0,439.0,451.0,446.0,475.0,445.0,487.0,462.0,469.0,428.0,422.0,429.0,462.0,470.0,481.0,447.0,445.0,437.0,433.0,445.0,458.0,460.0,442.0,434.0,452.0,497.0,424.0,456.0,436.0,463.0,421.0,451.0,441.0,413.0,497.0,450.0,450.7524752475247,1.0,0.577037037037037,20.0669206844084,-0.9042749230936239
49,-11.5,398.45332034421165,Diff,441.0,438.0,414.0,412.0,449.0,416.0,437.0,441.0,463.0,415.0,461.0,418.0,442.0,457.0,416.0,453.0,493.0,450.0,448.0,450.0,412.0,483.0,481.0,404.0,456.0,463.0,463.0,447.0,463.0,451.0,463.0,412.0,476.0,469.0,430.0,484.0,419.0,470.0,469.0,456.0,428.0,444.0,451.0,437.0,484.0,437.0,457.0,465.0,457.0,439.0,424.0,458.0,437.0,476.0,432.0,465.0,389.0,459.0,476.0,420.0,470.0,453.0,443.0,476.0,470.0,445.0,422.0,455.0,415.0,427.0,443.0,440.0,444.0,496.0,484.0,441.0,444.0,416.0,461.0,495.0,470.0,483.0,440.0,458.0,447.0,454.0,449.0,459.0,443.0,430.0,419.0,450.0,496.0,486.0,487.0,439.0,415.0,446.0,471.0,475.0,389.0,496.0,450.0,449.16831683168317,1.0,0.12615384615384614,23.791199515675267,-2.1316704293083393
50,-10.5,424.63739568111697,Diff,434.0,462.0,465.0,427.0,408.0,429.0,462.0,452.0,408.0,422.0,410.0,414.0,434.0,455.0,454.0,470.0,400.0,448.0,466.0,439.0,437.0,482.0,449.0,454.0,421.0,460.0,398.0,399.0,455.0,431.0,435.0,420.0,451.0,472.0,445.0,446.0,417.0,426.0,460.0,453.0,420.0,490.0,465.0,427.0,433.0,451.0,455.0,449.0,455.0,432.0,414.0,416.0,430.0,424.0,428.0,412.0,446.0,460.0,456.0,467.0,443.0,451.0,443.0,422.0,469.0,438.0,416.0,413.0,432.0,450.0,436.0,440.0,450.0,443.0,461.0,458.0,475.0,451.0,443.0,416.0,448.0,415.0,450.0,420.0,413.0,453.0,466.0,423.0,438.0,436.0,420.0,474.0,447.0,477.0,425.0,454.0,465.0,440.0,458.0,450.0,398.0,490.0,443.0,440.7920792079208,1.0,0.687741935483871,20.49550389317887,-0.7882062139195347
51,-9.5,407.5608248092222,Diff,395.0,438.0,446.0,420.0,415.0,446.0,411.0,417.0,435.0,416.0,434.0,438.0,429.0,411.0,393.0,432.0,432.0,435.0,440.0,449.0,392.0,446.0,408.0,399.0,444.0,423.0,404.0,418.0,414.0,397.0,431.0,432.0,429.0,440.0,429.0,440.0,446.0,433.0,403.0,462.0,410.0,449.0,451.0,444.0,400.0,405.0,438.0,459.0,436.0,427.0,445.0,425.0,407.0,418.0,419.0,421.0,451.0,443.0,415.0,413.0,452.0,413.0,402.0,437.0,384.0,446.0,437.0,408.0,410.0,460.0,414.0,437.0,432.0,413.0,463.0,423.0,437.0,400.0,393.0,419.0,423.0,426.0,431.0,418.0,464.0,405.0,436.0,428.0,434.0,425.0,391.0,412.0,436.0,466.0,480.0,454.0,402.0,410.0,423.0,453.0,384.0,480.0,428.5,426.5247524752475,1.0,0.5676923076923077,19.91397044785739,-0.9522926487577172
52,-8.5,407.5608248092222,Diff,459.0,407.0,428.0,418.0,484.0,425.0,438.0,438.0,424.0,410.0,443.0,418.0,415.0,451.0,434.0,467.0,420.0,425.0,434.0,422.0,469.0,428.0,459.0,424.0,411.0,406.0,420.0,420.0,431.0,392.0,442.0,397.0,435.0,424.0,421.0,376.0,415.0,389.0,405.0,436.0,435.0,406.0,396.0,446.0,399.0,386.0,424.0,427.0,441.0,415.0,409.0,433.0,414.0,399.0,445.0,408.0,398.0,422.0,439.0,403.0,430.0,433.0,403.0,412.0,425.0,414.0,423.0,422.0,370.0,400.0,452.0,409.0,402.0,392.0,418.0,442.0,375.0,451.0,427.0,473.0,419.0,421.0,436.0,435.0,465.0,419.0,417.0,476.0,416.0,414.0,432.0,451.0,414.0,435.0,431.0,434.0,442.0,416.0,410.0,397.0,370.0,484.0,422.0,423.0495049504951,1.0,0.6220689655172414,22.10881112719308,-0.7005659441145512
53,-7.5,438.29865237863277,Diff,445.0,447.0,461.0,420.0,445.0,423.0,459.0,467.0,452.0,404.0,419.0,467.0,434.0,415.0,444.0,412.0,461.0,451.0,440.0,429.0,447.0,502.0,456.0,443.0,438.0,450.0,443.0,450.0,475.0,398.0,458.0,454.0,466.0,466.0,454.0,415.0,426.0,442.0,461.0,446.0,439.0,473.0,442.0,474.0,454.0,446.0,464.0,445.0,415.0,445.0,456.0,416.0,415.0,470.0,399.0,446.0,456.0,473.0,425.0,441.0,466.0,455.0,453.0,422.0,486.0,468.0,429.0,457.0,409.0,453.0,409.0,463.0,450.0,484.0,448.0,388.0,473.0,471.0,459.0,477.0,400.0,450.0,423.0,438.0,462.0,488.0,455.0,464.0,420.0,452.0,444.0,446.0,447.0,411.0,439.0,411.0,458.0,425.0,455.0,450.0,388.0,502.0,447.5,444.8019801980198,1.0,0.7687499999999999,22.74439101869929,-0.28593105938753866
54,-6.5,274.3635720084429,Diff,334.0,278.0,278.0,290.0,301.0,267.0,282.0,260.0,273.0,255.0,277.0,287.0,283.0,281.0,277.0,303.0,281.0,271.0,266.0,298.0,304.0,288.0,286.0,286.0,265.0,260.0,249.0,293.0,256.0,277.0,239.0,296.0,276.0,323.0,266.0,291.0,299.0,257.0,293.0,281.0,261.0,277.0,295.0,271.0,282.0,296.0,264.0,285.0,278.0,279.0,284.0,322.0,253.0,296.0,291.0,306.0,304.0,262.0,286.0,304.0,257.0,271.0,249.0,267.0,275.0,305.0,285.0,271.0,274.0,269.0,277.0,275.0,276.0,287.0,236.0,260.0,277.0,286.0,277.0,277.0,294.0,278.0,281.0,256.0,304.0,275.0,314.0,270.0,265.0,277.0,255.0,291.0,284.0,283.0,299.0,306.0,286.0,302.0,299.0,276.0,236.0,334.0,278.5,280.2475247524753,1.0,0.771764705882353,18.103337004674938,-0.3250203397411167
55,-5.5,159.38132813768465,Diff,211.0,184.0,184.0,177.0,177.0,180.0,198.0,178.0,177.0,203.0,178.0,178.0,179.0,182.0,185.0,174.0,195.0,184.0,184.0,186.0,183.0,173.0,182.0,187.0,193.0,182.0,152.0,184.0,170.0,172.0,187.0,212.0,186.0,152.0,158.0,180.0,153.0,168.0,179.0,169.0,182.0,208.0,169.0,184.0,169.0,180.0,167.0,163.0,187.0,162.0,206.0,197.0,176.0,202.0,175.0,165.0,198.0,167.0,180.0,157.0,186.0,183.0,191.0,186.0,180.0,176.0,155.0,162.0,167.0,187.0,174.0,173.0,151.0,177.0,187.0,169.0,187.0,175.0,193.0,187.0,203.0,180.0,175.0,175.0,174.0,195.0,185.0,199.0,188.0,180.0,168.0,147.0,206.0,192.0,174.0,184.0,175.0,184.0,192.0,175.0,147.0,212.0,180.0,179.74257425742573,1.0,0.3514285714285714,13.696609008206874,-1.4865903017348479
56,-4.5,251.59481084591647,Diff,204.0,223.0,211.0,199.0,225.0,189.0,219.0,207.0,204.0,219.0,208.0,205.0,171.0,220.0,208.0,206.0,195.0,194.0,205.0,209.0,211.0,187.0,223.0,202.0,193.0,201.0,208.0,188.0,198.0,202.0,229.0,232.0,194.0,204.0,181.0,202.0,207.0,208.0,211.0,177.0,194.0,198.0,189.0,207.0,220.0,200.0,217.0,196.0,227.0,218.0,212.0,206.0,236.0,236.0,205.0,228.0,218.0,194.0,211.0,216.0,225.0,210.0,193.0,204.0,206.0,217.0,186.0,223.0,191.0,206.0,210.0,184.0,203.0,186.0,205.0,219.0,187.0,210.0,203.0,218.0,221.0,198.0,206.0,215.0,206.0,226.0,211.0,218.0,208.0,248.0,204.0,209.0,208.0,222.0,208.0,196.0,205.0,211.0,221.0,215.0,171.0,248.0,207.0,207.12871287128712,0.0,1.0,13.787398010061729,3.225126157883734
57,-3.5,457.6520993667802,Diff,349.0,348.0,332.0,365.0,341.0,381.0,324.0,380.0,365.0,361.0,358.0,323.0,390.0,340.0,352.0,375.0,372.0,356.0,381.0,365.0,361.0,386.0,373.0,344.0,353.0,367.0,360.0,409.0,345.0,366.0,358.0,375.0,352.0,358.0,373.0,371.0,384.0,392.0,325.0,386.0,346.0,392.0,391.0,337.0,371.0,338.0,344.0,335.0,364.0,361.0,366.0,358.0,330.0,376.0,357.0,380.0,372.0,357.0,383.0,341.0,391.0,344.0,369.0,384.0,383.0,375.0,379.0,334.0,368.0,349.0,372.0,360.0,353.0,385.0,357.0,347.0,377.0,326.0,379.0,353.0,369.0,387.0,371.0,341.0,373.0,386.0,364.0,367.0,355.0,364.0,379.0,349.0,347.0,331.0,363.0,348.0,362.0,350.0,357.0,349.0,323.0,409.0,362.5,361.53465346534654,0.0,1.0,18.334388160949068,5.242468145237289
58,-2.5,576.0496574119173,Diff,444.0,468.0,468.0,496.0,477.0,445.0,448.0,487.0,436.0,453.0,490.0,478.0,445.0,436.0,463.0,479.0,466.0,461.0,462.0,417.0,455.0,466.0,466.0,445.0,474.0,452.0,454.0,446.0,465.0,466.0,461.0,494.0,436.0,478.0,431.0,467.0,459.0,448.0,446.0,406.0,480.0,475.0,428.0,466.0,455.0,482.0,484.0,455.0,438.0,486.0,450.0,463.0,486.0,476.0,441.0,450.0,474.0,483.0,436.0,458.0,427.0,458.0,427.0,463.0,440.0,465.0,426.0,461.0,433.0,428.0,450.0,461.0,469.0,461.0,449.0,450.0,501.0,443.0,439.0,471.0,448.0,422.0,463.0,445.0,430.0,462.0,444.0,483.0,448.0,440.0,487.0,429.0,468.0,451.0,480.0,476.0,451.0,467.0,489.0,474.0,406.0,501.0,460.0,457.2772277227723,0.0,1.0,19.940564562889296,5.956322315178179
59,-1.5,766.1688131190126,Diff,677.0,671.0,624.0,593.0,693.0,657.0,691.0,648.0,636.0,638.0,672.0,652.0,605.0,623.0,647.0,650.0,668.0,608.0,698.0,624.0,656.0,657.0,691.0,663.0,647.0,665.0,697.0,610.0,625.0,615.0,671.0,661.0,692.0,695.0,659.0,641.0,643.0,665.0,643.0,639.0,633.0,652.0,606.0,633.0,695.0,663.0,692.0,632.0,648.0,696.0,642.0,665.0,646.0,650.0,642.0,643.0,671.0,678.0,629.0,677.0,624.0,624.0,702.0,605.0,678.0,614.0,658.0,668.0,658.0,696.0,676.0,619.0,666.0,592.0,664.0,648.0,654.0,651.0,677.0,617.0,696.0,673.0,644.0,650.0,683.0,657.0,712.0,669.0,664.0,654.0,613.0,643.0,643.0,648.0,655.0,681.0,650.0,670.0,700.0,682.0,592.0,712.0,654.5,654.1881188118812,0.0,1.0,27.44669464536997,4.079933695110414
60,-0.5,1149.822438707582,Diff,884.0,884.0,862.0,951.0,908.0,866.0,931.0,881.0,878.0,874.0,891.0,887.0,878.0,847.0,892.0,852.0,845.0,860.0,853.0,873.0,856.0,864.0,882.0,949.0,914.0,859.0,896.0,923.0,885.0,895.0,913.0,883.0,938.0,922.0,936.0,915.0,914.0,892.0,919.0,925.0,912.0,870.0,887.0,921.0,888.0,908.0,906.0,819.0,888.0,889.0,876.0,887.0,891.0,919.0,900.0,912.0,919.0,872.0,917.0,890.0,889.0,912.0,899.0,897.0,927.0,936.0,877.0,931.0,864.0,911.0,912.0,923.0,912.0,909.0,914.0,929.0,939.0,930.0,888.0,879.0,869.0,902.0,885.0,883.0,888.0,927.0,909.0,888.0,915.0,904.0,1022.0,911.0,874.0,916.0,906.0,904.0,869.0,902.0,853.0,884.0,819.0,1022.0,895.5,896.5940594059406,0.0,1.0,28.989304349872558,8.735234769233758
61,0.5,1863.623101152784,Diff,1267.0,1225.0,1234.0,1222.0,1234.0,1240.0,1261.0,1246.0,1279.0,1249.0,1245.0,1295.0,1235.0,1260.0,1286.0,1340.0,1287.0,1220.0,1281.0,1258.0,1232.0,1220.0,1254.0,1255.0,1202.0,1181.0,1241.0,1278.0,1284.0,1254.0,1307.0,1198.0,1252.0,1206.0,1291.0,1265.0,1270.0,1275.0,1197.0,1256.0,1210.0,1265.0,1290.0,1234.0,1226.0,1233.0,1224.0,1306.0,1237.0,1264.0,1198.0,1236.0,1255.0,1168.0,1239.0,1226.0,1273.0,1295.0,1193.0,1318.0,1243.0,1244.0,1267.0,1242.0,1209.0,1243.0,1241.0,1249.0,1237.0,1263.0,1240.0,1262.0,1216.0,1255.0,1278.0,1275.0,1232.0,1180.0,1234.0,1297.0,1241.0,1277.0,1313.0,1255.0,1231.0,1301.0,1258.0,1238.0,1234.0,1243.0,1289.0,1200.0,1254.0,1228.0,1312.0,1236.0,1218.0,1282.0,1231.0,1264.0,1168.0,1340.0,1245.5,1249.029702970297,0.0,1.0,33.16190569042564,18.53311458941266
62,1.5,1149.822438707582,Diff,785.0,803.0,834.0,878.0,794.0,787.0,769.0,846.0,815.0,818.0,804.0,773.0,856.0,803.0,803.0,810.0,822.0,776.0,795.0,754.0,825.0,783.0,816.0,836.0,753.0,779.0,828.0,779.0,760.0,825.0,822.0,819.0,820.0,787.0,816.0,794.0,843.0,833.0,822.0,813.0,838.0,820.0,854.0,755.0,866.0,819.0,791.0,816.0,794.0,771.0,811.0,790.0,823.0,829.0,786.0,777.0,828.0,822.0,828.0,825.0,816.0,804.0,823.0,825.0,865.0,789.0,748.0,854.0,850.0,833.0,813.0,799.0,805.0,806.0,804.0,843.0,801.0,843.0,788.0,863.0,837.0,789.0,826.0,792.0,774.0,845.0,787.0,837.0,816.0,816.0,780.0,790.0,785.0,780.0,814.0,817.0,827.0,845.0,851.0,821.0,748.0,878.0,816.0,810.5940594059406,0.0,1.0,27.944846039205274,12.139210887531144
63,2.5,936.9345218379605,Diff,653.0,684.0,600.0,703.0,621.0,606.0,640.0,641.0,672.0,628.0,688.0,660.0,599.0,623.0,639.0,666.0,638.0,646.0,643.0,632.0,613.0,632.0,601.0,620.0,640.0,661.0,609.0,626.0,612.0,634.0,619.0,663.0,641.0,616.0,569.0,632.0,639.0,655.0,659.0,684.0,623.0,644.0,659.0,648.0,590.0,626.0,639.0,629.0,652.0,625.0,622.0,586.0,637.0,654.0,630.0,649.0,682.0,633.0,660.0,642.0,593.0,653.0,609.0,638.0,629.0,591.0,663.0,669.0,656.0,656.0,604.0,630.0,618.0,636.0,598.0,619.0,624.0,589.0,640.0,602.0,589.0,614.0,645.0,634.0,621.0,606.0,630.0,651.0,639.0,639.0,644.0,618.0,628.0,631.0,624.0,614.0,599.0,634.0,589.0,640.0,569.0,703.0,632.5,631.8019801980198,0.0,1.0,25.43600776710686,11.996086194883675
64,3.5,969.9492255236237,Diff,702.0,728.0,777.0,790.0,769.0,738.0,729.0,698.0,725.0,760.0,779.0,796.0,753.0,742.0,773.0,696.0,754.0,722.0,748.0,697.0,712.0,734.0,727.0,713.0,704.0,739.0,753.0,752.0,770.0,736.0,748.0,739.0,777.0,741.0,748.0,695.0,760.0,767.0,686.0,777.0,747.0,733.0,724.0,739.0,731.0,769.0,743.0,716.0,746.0,705.0,760.0,722.0,734.0,721.0,740.0,759.0,766.0,672.0,788.0,755.0,746.0,722.0,748.0,753.0,734.0,725.0,724.0,726.0,771.0,727.0,781.0,753.0,744.0,720.0,782.0,714.0,733.0,728.0,728.0,747.0,757.0,725.0,753.0,728.0,735.0,778.0,782.0,777.0,730.0,719.0,747.0,703.0,705.0,765.0,718.0,753.0,722.0,725.0,721.0,770.0,672.0,796.0,739.0,739.7524752475248,0.0,1.0,26.05455279976846,8.835183318491248
65,4.5,472.45179412242237,Diff,409.0,420.0,465.0,411.0,410.0,442.0,433.0,410.0,445.0,431.0,465.0,425.0,417.0,431.0,441.0,409.0,424.0,437.0,383.0,403.0,441.0,410.0,453.0,406.0,427.0,416.0,436.0,453.0,407.0,453.0,449.0,424.0,398.0,421.0,412.0,482.0,454.0,427.0,476.0,450.0,449.0,464.0,438.0,452.0,425.0,406.0,392.0,424.0,413.0,415.0,452.0,431.0,438.0,403.0,431.0,410.0,427.0,450.0,408.0,413.0,445.0,446.0,436.0,448.0,399.0,419.0,424.0,436.0,407.0,424.0,445.0,416.0,452.0,444.0,433.0,387.0,480.0,423.0,396.0,420.0,474.0,436.0,427.0,468.0,403.0,431.0,422.0,440.0,451.0,419.0,395.0,391.0,453.0,397.0,419.0,428.0,453.0,418.0,413.0,460.0,383.0,482.0,427.0,428.7920792079208,0.15619047619047619,1.0,22.145923269511087,1.971456072578274
66,5.5,300.5476473453482,Diff,239.0,236.0,248.0,242.0,249.0,257.0,245.0,207.0,219.0,254.0,257.0,234.0,265.0,242.0,239.0,251.0,247.0,199.0,269.0,268.0,256.0,275.0,250.0,248.0,252.0,245.0,246.0,251.0,247.0,269.0,263.0,246.0,256.0,256.0,257.0,235.0,250.0,263.0,254.0,245.0,233.0,237.0,299.0,275.0,255.0,250.0,272.0,271.0,253.0,236.0,245.0,238.0,251.0,233.0,255.0,268.0,245.0,256.0,237.0,253.0,227.0,265.0,279.0,278.0,279.0,275.0,259.0,228.0,273.0,259.0,258.0,252.0,254.0,232.0,216.0,241.0,217.0,239.0,257.0,241.0,248.0,243.0,242.0,269.0,235.0,252.0,250.0,269.0,247.0,272.0,250.0,248.0,252.0,266.0,260.0,265.0,246.0,253.0,244.0,268.0,199.0,299.0,251.0,250.4950495049505,0.0,1.0,16.62672533286633,3.0103701622139343
67,6.5,428.0527098554959,Diff,397.0,401.0,400.0,393.0,435.0,397.0,401.0,391.0,390.0,421.0,388.0,422.0,410.0,444.0,377.0,395.0,409.0,459.0,425.0,397.0,394.0,432.0,421.0,384.0,379.0,384.0,428.0,403.0,419.0,367.0,383.0,405.0,396.0,425.0,398.0,395.0,439.0,404.0,390.0,423.0,401.0,407.0,380.0,385.0,409.0,399.0,396.0,358.0,406.0,414.0,420.0,402.0,392.0,400.0,391.0,403.0,448.0,400.0,398.0,459.0,401.0,441.0,428.0,421.0,427.0,423.0,387.0,415.0,397.0,403.0,421.0,410.0,411.0,406.0,416.0,413.0,435.0,391.0,421.0,448.0,368.0,407.0,442.0,411.0,402.0,372.0,430.0,407.0,414.0,430.0,412.0,415.0,454.0,440.0,438.0,384.0,449.0,389.0,421.0,396.0,358.0,459.0,406.0,408.34653465346537,0.48068965517241385,1.0,21.370580149171555,0.9221169974588793
68,7.5,382.51518753044314,Diff,376.0,380.0,375.0,377.0,375.0,386.0,354.0,389.0,356.0,420.0,387.0,390.0,372.0,359.0,378.0,391.0,419.0,378.0,375.0,372.0,369.0,351.0,386.0,379.0,376.0,346.0,360.0,396.0,374.0,393.0,390.0,381.0,388.0,397.0,362.0,427.0,366.0,359.0,375.0,381.0,384.0,415.0,375.0,386.0,366.0,395.0,423.0,386.0,350.0,379.0,409.0,376.0,410.0,424.0,386.0,360.0,364.0,390.0,364.0,378.0,362.0,376.0,359.0,381.0,379.0,392.0,422.0,402.0,371.0,369.0,383.0,383.0,379.0,376.0,366.0,376.0,404.0,378.0,368.0,383.0,370.0,378.0,398.0,405.0,403.0,386.0,376.0,342.0,435.0,380.0,389.0,407.0,384.0,390.0,381.0,400.0,412.0,365.0,405.0,377.0,342.0,435.0,379.5,382.36633663366337,0.9251282051282051,1.0,18.858893834972324,0.007892875270120666
69,8.5,390.48425393732737,Diff,389.0,380.0,362.0,335.0,343.0,344.0,366.0,364.0,370.0,351.0,367.0,417.0,402.0,370.0,377.0,374.0,385.0,409.0,338.0,389.0,380.0,393.0,368.0,388.0,369.0,361.0,351.0,397.0,353.0,383.0,372.0,371.0,378.0,390.0,376.0,360.0,410.0,363.0,376.0,395.0,365.0,353.0,367.0,381.0,421.0,369.0,378.0,383.0,339.0,366.0,408.0,358.0,368.0,401.0,394.0,386.0,368.0,384.0,398.0,388.0,415.0,365.0,378.0,381.0,380.0,359.0,392.0,375.0,385.0,377.0,356.0,378.0,375.0,371.0,375.0,366.0,377.0,336.0,372.0,357.0,353.0,340.0,378.0,398.0,372.0,389.0,370.0,376.0,384.0,371.0,388.0,392.0,374.0,388.0,358.0,421.0,348.0,345.0,412.0,392.0,335.0,421.0,375.5,375.1980198019802,0.486875,1.0,19.34113750634155,0.7903482475911663
70,9.5,513.4355642149699,Diff,436.0,454.0,441.0,484.0,446.0,397.0,423.0,429.0,456.0,504.0,469.0,446.0,468.0,478.0,465.0,467.0,453.0,447.0,461.0,447.0,484.0,426.0,456.0,422.0,444.0,398.0,498.0,488.0,479.0,424.0,474.0,459.0,458.0,453.0,491.0,428.0,497.0,435.0,459.0,464.0,435.0,422.0,446.0,465.0,438.0,478.0,465.0,423.0,448.0,465.0,448.0,463.0,463.0,432.0,458.0,486.0,454.0,470.0,506.0,403.0,460.0,462.0,463.0,454.0,486.0,466.0,466.0,448.0,441.0,440.0,454.0,452.0,430.0,469.0,429.0,478.0,461.0,453.0,458.0,466.0,474.0,455.0,467.0,467.0,430.0,457.0,465.0,478.0,455.0,471.0,470.0,444.0,421.0,439.0,433.0,434.0,479.0,462.0,484.0,499.0,397.0,506.0,458.0,455.3762376237624,0.0,1.0,22.736045218576574,2.5536246972809615
71,10.5,462.2058515992855,Diff,454.0,467.0,441.0,445.0,454.0,466.0,439.0,480.0,472.0,457.0,478.0,439.0,465.0,456.0,452.0,460.0,424.0,456.0,471.0,446.0,485.0,463.0,477.0,428.0,451.0,432.0,448.0,447.0,449.0,464.0,456.0,462.0,463.0,485.0,475.0,445.0,453.0,435.0,433.0,438.0,471.0,459.0,435.0,420.0,440.0,421.0,464.0,446.0,463.0,466.0,466.0,471.0,428.0,425.0,460.0,484.0,462.0,453.0,410.0,440.0,436.0,468.0,457.0,412.0,442.0,470.0,439.0,469.0,471.0,443.0,441.0,468.0,484.0,453.0,453.0,461.0,458.0,465.0,489.0,474.0,465.0,436.0,464.0,480.0,453.0,441.0,460.0,459.0,457.0,457.0,451.0,473.0,416.0,443.0,441.0,434.0,464.0,424.0,420.0,455.0,410.0,489.0,456.0,452.980198019802,0.7756756756756756,1.0,18.0324131694364,0.5116150285758023
72,11.5,469.0364799480434,Diff,437.0,478.0,473.0,494.0,452.0,500.0,504.0,518.0,463.0,446.0,481.0,470.0,465.0,479.0,473.0,458.0,490.0,454.0,466.0,511.0,435.0,498.0,473.0,487.0,451.0,452.0,459.0,506.0,488.0,471.0,442.0,444.0,466.0,471.0,500.0,453.0,442.0,495.0,485.0,457.0,463.0,457.0,476.0,474.0,470.0,468.0,483.0,435.0,470.0,446.0,500.0,441.0,449.0,490.0,517.0,458.0,439.0,454.0,465.0,494.0,479.0,447.0,452.0,474.0,481.0,412.0,453.0,434.0,465.0,475.0,487.0,464.0,451.0,474.0,472.0,461.0,471.0,510.0,511.0,449.0,454.0,475.0,490.0,469.0,480.0,448.0,488.0,486.0,490.0,479.0,465.0,503.0,446.0,481.0,465.0,445.0,437.0,461.0,464.0,468.0,412.0,518.0,469.5,468.9504950495049,0.9690909090909091,0.9504545454545454,21.757154843490884,0.00395202861555413
73,12.5,491.8052411105698,Diff,509.0,546.0,477.0,507.0,454.0,451.0,498.0,481.0,500.0,487.0,482.0,506.0,487.0,456.0,480.0,526.0,514.0,498.0,455.0,472.0,501.0,493.0,493.0,503.0,501.0,482.0,482.0,501.0,505.0,477.0,482.0,483.0,489.0,497.0,479.0,441.0,497.0,466.0,493.0,529.0,485.0,479.0,508.0,484.0,517.0,494.0,499.0,492.0,493.0,475.0,514.0,513.0,455.0,484.0,483.0,507.0,485.0,503.0,508.0,452.0,504.0,485.0,478.0,505.0,507.0,490.0,491.0,465.0,478.0,485.0,449.0,502.0,486.0,474.0,479.0,496.0,497.0,512.0,475.0,483.0,478.0,485.0,484.0,487.0,468.0,490.0,486.0,539.0,499.0,514.0,496.0,514.0,487.0,475.0,511.0,514.0,506.0,480.0,475.0,484.0,441.0,546.0,488.0,489.74257425742576,0.9430000000000001,1.0,19.300979026800707,0.10686850911412406
74,13.5,523.6815067381067,Diff,429.0,480.0,424.0,442.0,464.0,457.0,457.0,520.0,449.0,483.0,454.0,473.0,504.0,463.0,433.0,458.0,450.0,491.0,474.0,479.0,421.0,468.0,423.0,498.0,446.0,414.0,491.0,487.0,435.0,474.0,471.0,458.0,449.0,436.0,476.0,450.0,485.0,464.0,437.0,484.0,444.0,426.0,478.0,490.0,474.0,456.0,440.0,458.0,462.0,450.0,510.0,447.0,476.0,431.0,496.0,450.0,493.0,472.0,477.0,501.0,475.0,484.0,485.0,459.0,473.0,454.0,476.0,520.0,451.0,463.0,450.0,487.0,483.0,479.0,472.0,434.0,502.0,467.0,465.0,464.0,470.0,442.0,495.0,449.0,479.0,484.0,462.0,464.0,457.0,487.0,469.0,491.0,440.0,489.0,461.0,486.0,479.0,437.0,450.0,479.0,414.0,520.0,466.0,465.43564356435644,0.0,1.0,22.80151803248689,2.554473043777563
75,14.5,470.1749180061697,Diff,433.0,461.0,431.0,461.0,431.0,421.0,457.0,390.0,428.0,464.0,461.0,391.0,466.0,407.0,460.0,432.0,475.0,407.0,502.0,429.0,416.0,424.0,408.0,446.0,422.0,420.0,410.0,444.0,437.0,405.0,429.0,442.0,423.0,445.0,470.0,478.0,443.0,448.0,443.0,445.0,449.0,432.0,443.0,395.0,454.0,468.0,418.0,439.0,414.0,439.0,410.0,445.0,449.0,394.0,458.0,443.0,436.0,447.0,410.0,436.0,427.0,463.0,433.0,448.0,434.0,400.0,463.0,450.0,422.0,427.0,411.0,428.0,418.0,435.0,427.0,464.0,441.0,411.0,481.0,429.0,432.0,456.0,440.0,453.0,441.0,449.0,433.0,416.0,460.0,419.0,431.0,413.0,425.0,431.0,432.0,430.0,444.0,468.0,401.0,485.0,390.0,502.0,434.5,436.08910891089107,0.1782608695652174,1.0,22.204316327290865,1.535098338148308
76,15.5,451.9599090761486,Diff,411.0,430.0,436.0,416.0,392.0,411.0,415.0,448.0,414.0,409.0,441.0,428.0,410.0,425.0,417.0,382.0,459.0,403.0,443.0,407.0,433.0,428.0,401.0,404.0,461.0,457.0,393.0,424.0,405.0,406.0,441.0,403.0,426.0,417.0,419.0,425.0,418.0,449.0,404.0,414.0,440.0,433.0,429.0,444.0,424.0,423.0,395.0,474.0,425.0,444.0,424.0,426.0,434.0,446.0,427.0,408.0,443.0,432.0,425.0,405.0,412.0,415.0,411.0,420.0,422.0,444.0,415.0,432.0,443.0,417.0,394.0,430.0,476.0,409.0,433.0,455.0,406.0,442.0,448.0,453.0,425.0,414.0,466.0,429.0,419.0,455.0,446.0,439.0,418.0,408.0,435.0,417.0,408.0,411.0,395.0,416.0,399.0,380.0,460.0,450.0,380.0,476.0,424.0,424.48514851485146,0.328,1.0,20.05616562140902,1.369890989063196
77,16.5,474.728670238675,Diff,408.0,431.0,466.0,464.0,398.0,475.0,490.0,426.0,433.0,418.0,444.0,412.0,398.0,447.0,471.0,423.0,422.0,462.0,426.0,441.0,453.0,465.0,477.0,468.0,421.0,433.0,401.0,442.0,442.0,432.0,456.0,446.0,446.0,433.0,445.0,421.0,457.0,470.0,425.0,481.0,469.0,420.0,455.0,419.0,418.0,435.0,477.0,445.0,429.0,437.0,496.0,437.0,457.0,424.0,453.0,411.0,462.0,428.0,454.0,422.0,476.0,484.0,456.0,436.0,439.0,438.0,450.0,440.0,466.0,387.0,459.0,481.0,461.0,452.0,462.0,445.0,471.0,425.0,447.0,470.0,447.0,435.0,476.0,415.0,445.0,475.0,483.0,451.0,446.0,460.0,442.0,465.0,480.0,467.0,444.0,412.0,442.0,414.0,455.0,469.0,387.0,496.0,445.5,445.26732673267327,0.38071428571428567,1.0,23.455410019658057,1.2560574929218482
78,17.5,470.1749180061697,Diff,441.0,424.0,403.0,464.0,434.0,469.0,468.0,421.0,437.0,469.0,468.0,413.0,440.0,476.0,441.0,467.0,487.0,442.0,465.0,425.0,452.0,474.0,439.0,472.0,476.0,423.0,439.0,408.0,458.0,436.0,465.0,454.0,439.0,460.0,421.0,461.0,457.0,485.0,469.0,409.0,448.0,425.0,441.0,437.0,433.0,482.0,435.0,437.0,450.0,469.0,437.0,427.0,456.0,477.0,441.0,454.0,427.0,467.0,484.0,453.0,436.0,427.0,460.0,464.0,457.0,444.0,405.0,486.0,423.0,424.0,410.0,446.0,427.0,429.0,435.0,433.0,421.0,451.0,441.0,429.0,455.0,449.0,459.0,461.0,477.0,455.0,447.0,421.0,434.0,448.0,457.0,428.0,464.0,468.0,458.0,440.0,419.0,442.0,483.0,434.0,403.0,487.0,445.0,446.34653465346537,0.37846153846153846,1.0,20.72853089203063,1.1495452077945358
79,18.5,428.0527098554959,Diff,430.0,455.0,428.0,481.0,462.0,447.0,472.0,445.0,427.0,437.0,483.0,432.0,440.0,472.0,460.0,475.0,459.0,454.0,449.0,434.0,405.0,425.0,454.0,510.0,432.0,423.0,422.0,431.0,427.0,441.0,473.0,434.0,425.0,440.0,412.0,480.0,462.0,444.0,438.0,460.0,465.0,437.0,472.0,465.0,428.0,450.0,415.0,463.0,425.0,460.0,470.0,437.0,480.0,465.0,463.0,413.0,431.0,500.0,437.0,419.0,440.0,438.0,427.0,463.0,447.0,444.0,452.0,430.0,487.0,436.0,479.0,413.0,443.0,447.0,417.0,429.0,457.0,476.0,420.0,440.0,430.0,445.0,431.0,424.0,421.0,445.0,462.0,479.0,412.0,430.0,468.0,439.0,449.0,440.0,397.0,431.0,412.0,445.0,434.0,442.0,397.0,510.0,440.5,444.48514851485146,1.0,0.656,22.13040284153089,-0.7425277694346892
80,19.5,537.3427634356225,Diff,431.0,478.0,436.0,489.0,464.0,470.0,437.0,444.0,436.0,454.0,438.0,475.0,403.0,475.0,456.0,484.0,460.0,476.0,432.0,469.0,463.0,449.0,457.0,436.0,470.0,505.0,437.0,427.0,437.0,437.0,484.0,452.0,469.0,468.0,475.0,478.0,470.0,486.0,458.0,467.0,480.0,454.0,478.0,489.0,455.0,470.0,480.0,449.0,503.0,454.0,454.0,445.0,476.0,460.0,426.0,465.0,488.0,461.0,441.0,451.0,467.0,474.0,460.0,481.0,450.0,444.0,440.0,450.0,444.0,458.0,435.0,485.0,439.0,463.0,444.0,433.0,451.0,428.0,472.0,471.0,450.0,418.0,460.0,450.0,468.0,456.0,444.0,488.0,466.0,487.0,498.0,435.0,489.0,454.0,453.0,477.0,469.0,460.0,490.0,443.0,403.0,505.0,460.0,458.990099009901,0.0,1.0,20.42445391710582,3.8362183263202763
81,20.5,0.0,Diff,0.0,0.0,0.0,0.0,0.0,0.0,0.0,0.0,0.0,0.0,0.0,0.0,0.0,0.0,0.0,0.0,0.0,0.0,0.0,0.0,0.0,0.0,0.0,0.0,0.0,0.0,0.0,0.0,0.0,0.0,0.0,0.0,0.0,0.0,0.0,0.0,0.0,0.0,0.0,0.0,0.0,0.0,0.0,0.0,0.0,0.0,0.0,0.0,0.0,0.0,0.0,0.0,0.0,0.0,0.0,0.0,0.0,0.0,0.0,0.0,0.0,0.0,0.0,0.0,0.0,0.0,0.0,0.0,0.0,0.0,0.0,0.0,0.0,0.0,0.0,0.0,0.0,0.0,0.0,0.0,0.0,0.0,0.0,0.0,0.0,0.0,0.0,0.0,0.0,0.0,0.0,0.0,0.0,0.0,0.0,0.0,0.0,0.0,0.0,0.0,0.0,0.0,0.0,0.0,0.0,0.0,0.0,0.0
